conversation_id,profile_id,Extroversion_absolute_diff,Neuroticism_absolute_diff,Agreeableness_absolute_diff,Conscientiousness_absolute_diff,Openness_absolute_diff,tfidf_cosine_similarity,sbert_similarity,jaccard_similarity,edit_distance,bleu_score,content_perplexity,original_content_perplexity,content_coherence,original_content_coherence,content_diversity,original_content_diversity,sentiment_shift
678,profile_1,0.07626228584733052,0.11898377813435818,0.21759736447215922,0.11587595687755936,0.17669679624021983,0.7723526985253015,0.8972992300987244,0.4285714285714286,348,0.2612956094991035,15.073127746582031,20.4469051361084,0.34302572056185454,0.3124517217278481,0.8345323741007195,0.8351648351648352,0.012400000000000078
678,profile_2,0.00543926916654347,0.058126474687988816,0.14390761737882296,0.2937085809716501,0.3172932153135479,0.8778151062778694,0.9524382948875427,0.7011494252873562,193,0.6619847802874017,15.073127746582031,17.091733932495117,0.34302572056185454,0.2984458671971446,0.8345323741007195,0.8764705882352941,0.019500000000000073
678,profile_3,0.028884112744423374,0.10961727149948769,0.15664971631067937,0.21514275647142367,0.05114217189138781,0.8754323231144525,0.93808913230896,0.6847826086956521,254,0.5967856775881877,15.073127746582031,17.217622756958008,0.34302572056185454,0.2997697719626806,0.8345323741007195,0.8846153846153846,0.021500000000000075
10639,profile_1,0.09104285472036677,0.08888333001324422,0.30884173321495345,0.27022386315265823,0.09110706391031043,0.6845543590570536,0.9167444705963135,0.4383561643835616,209,0.2055722271476592,18.973770141601562,18.299686431884766,0.27522618137300014,0.17871866031334951,0.9154929577464789,0.8695652173913043,0.043300000000000005
10639,profile_2,0.1474326036014853,0.1535242968476757,0.23333939405637488,0.3010496311925035,0.39172424048527976,0.9004373636318547,0.9905143976211548,0.7755102040816326,38,0.7860558608537983,18.973770141601562,14.585223197937012,0.27522618137300014,0.2974128723144531,0.9154929577464789,0.918918918918919,0.022299999999999986
10639,profile_3,0.004005042038914497,0.21867777446632186,0.025128560861059246,0.0008692154169340216,0.03972926516151998,0.6787055497332352,0.8613356351852417,0.4347826086956522,203,0.300179676867376,18.973770141601562,17.397207260131836,0.27522618137300014,0.246170374751091,0.9154929577464789,0.9375,0.0047000000000000375
